Model,Accuracy,AUC,Precision,Recall,F1,MCC
Logistic Regression,0.8842198385491541,0.8481180907309498,0.5513784461152882,0.20220588235294118,0.29589778076664425,0.28467492077574474
Decision Tree,0.869844078292602,0.6907751437312827,0.458758109360519,0.45496323529411764,0.45685279187817257,0.3829216986128816
KNN,0.8771425411920822,0.7564594733242134,0.480865224625624,0.265625,0.34221432800473656,0.29570554059795917
Naive Bayes,0.8363374986177153,0.8115538460827448,0.36059743954480794,0.46599264705882354,0.4065757818765036,0.31690784974758346
Random Forest,0.9037929890523057,0.9243252486412541,0.6566091954022989,0.42003676470588236,0.5123318385650224,0.47601568785331005
XGBoost,0.9040141545947141,0.9284495507819721,0.6244343891402715,0.5073529411764706,0.5598377281947262,0.5100583627316472
